Produto,Descrição,Link
COLLAGEN PROTEIN,SABOR NEUTRO 450 g,https://www.puravida.com.br/collagen-protein-neutro-70402
Collagen Protein Berries 450g,SABOR BERRIES SILVESTRES 450 g,https://www.puravida.com.br/collagen-protein-berries-450g-70406
COLLAGEN PROTEIN,SABOR ABACAXI COM HORTELÃ 450 g,https://www.puravida.com.br/collagen-protein-abacaxi-hortela-450-g-70404
COLLAGEN PROTEIN,NEUTRO 23 g,https://www.puravida.com.br/collagen-protein-neutro-sache-70408
COLLAGEN PROTEIN,BERRIES SILVESTRES 40 g.,https://www.puravida.com.br/collagen-protein-berries-sache-70412
COLLAGEN PROTEIN,SABOR ABACAXI COM HORTELÃ 40 g.,https://www.puravida.com.br/collagen-protein-abacaxi-hortela-sache-70410
Whey Protein Grassfed,Sabor Chocolate Belga 450 g,https://www.puravida.com.br/whey-protein-grassfed-70213
Whey Protein Grassfed Vanilla,Sabor vanilla 450 g,https://www.puravida.com.br/whey-protein-grassfed-vanilla-70135
Whey Protein Grassfed Neutro,Sabor Neutro 450 g,https://www.puravida.com.br/whey-protein-grassfed-neutro-70138
Whey Protein Grassfed Framboesa,Sabor Framboesa 450 g,https://www.puravida.com.br/whey-protein-grassfed-framboesa-70136
WHEY PROTEIN ISOLADO,WHEY 100% ISOLADO DARK CHOCOLATE 30 g,https://www.puravida.com.br/whey-protein-isolado-chocolate-sache-70377
Whey Protein Grassfed Sache,Sabor Chocolate Belga 30 g,https://www.puravida.com.br/whey-protein-grassfed-sache-70144
WHEY PROTEIN GRASSFED,SABOR VANILLA DO TAHITI 30 g,https://www.puravida.com.br/whey-protein-grassfed-proteina-whey-sache-70143
Whey Protein Grassfed Sache,Sabor Framboesa 30 g,https://www.puravida.com.br/whey-protein-grassfed-sache-70142
WHEY PROTEIN ISOLADO,WHEY 100% ISOLADO VANILLA 30 g,https://www.puravida.com.br/whey-protein-isolado-vanilla-sache-70376
WHEY PROTEIN ISOLADO,WHEY 100% ISOLADO NEUTRO 26 g,https://www.puravida.com.br/whey-protein-isolado-neutro-sache-70375
WHEY PROTEIN ISOLADO,WHEY 100% ISOLADO DARK CHOCOLATE 450 g,https://www.puravida.com.br/whey-protein-isolado-chocolate-450g-70345
WHEY PROTEIN ISOLADO,WHEY 100% ISOLADO VANILLA 450 g,https://www.puravida.com.br/whey-protein-isolado-vanilla-450g-70346
WHEY PROTEIN ISOLADO,WHEY 100% ISOLADO NEUTRO 450 g,https://www.puravida.com.br/whey-protein-isolado-neutro-450g-70374
ONE NUTRITION,Sabor Açaí com Banana 450 g,https://www.puravida.com.br/one-nutrition-acai-70140
VEGAN PROTEIN,BLEND DE PROTEÍNAS VEGETAIS SABOR VANILLA 450 g,https://www.puravida.com.br/vegan-protein-vanilla-450g-70344
ONE NUTRITION,Sabor Chocolate 450 g,https://www.puravida.com.br/one-nutrition-chocolate-70141
VEGAN PROTEIN,BLEND DE PROTEÍNAS VEGETAIS SABOR NEUTRO 450 g,https://www.puravida.com.br/vegan-protein-neutro-450g-70343
One Nutrition Sache,Sabor Açaí com Banana 45 g,https://www.puravida.com.br/one-nutrition-sache-70223
ONE NUTRITION,Sabor Chocolate 45 g,https://www.puravida.com.br/one-nutrition-sache-chocolate-70224
VEGAN PROTEIN,BLEND DE PROTEÍNAS VEGETAIS SABOR VANILLA 35 g,https://www.puravida.com.br/vegan-protein-vanilla-sache-70355
VEGAN PROTEIN,BLEND DE PROTEÍNAS VEGETAIS SABOR NEUTRO 28 g,https://www.puravida.com.br/vegan-protein-neutro-sache-70354
PURAJUICE PROTEIN,SABOR LIMÃO E YUZU 60 g,https://www.puravida.com.br/purajuice-limao-e-yuzu-pouch-70383
PURAJUICE PROTEIN,SABOR ABACAXI COM HORTELÃ 60 g,https://www.puravida.com.br/purajuice-abacaxi-com-hortela-pouch-70384
NATURAL PROTEIN SOUP,"VEGANO, LEGUMES DA HORTA, ALTO TEOR DE PROTEÍNA 35 g",https://www.puravida.com.br/natural-protein-soup-sopa-de-legumes-vegana-70225
NATURAL PROTEIN SOUP,"VEGANO, ERVILHA DEFUMADA, ALTO TEOR DE PROTEÍNA 35 g",https://www.puravida.com.br/natural-protein-soup-sopa-de-ervilha-vegana-70145
