Produto,Sabor,Descrição
COLLAGEN PROTEIN,NEUTRO,"alemã Verisol®, comprovada cientificamente como o melhor colágeno do mundo para a pele. É uma fonte de proteína de excepcional biodisponibilidade. Sua digestão é simples e fácil, e os aminoácidos são normalmente assimilados em poucos minutos, sem demandar esforço digestivo. Os peptídeos de colágeno são uma boa alternativa para quem tem dificuldades em digerir e assimilar outros tipos de proteínas. Especialmente desenvolvido com biotina, vitamina que auxilia no metabolismo de proteínas, carboidratos e gorduras, contribui para a manutenção do cabelo, da pele e ajuda na preservação das mucosas."
COLLAGEN PROTEIN BERRIES 450G,BERRIES SILVESTRES,"alemã Verisol®, comprovada cientificamente como o melhor colágeno do mundo para a pele. É uma fonte de proteína de excepcional biodisponibilidade. Sua digestão é simples e fácil, e os aminoácidos são normalmente assimilados em poucos minutos, sem demandar esforço digestivo. Os peptídeos de colágeno são uma boa alternativa para quem tem dificuldades em digerir e assimilar outros tipos de proteínas. Especialmente desenvolvido com biotina, vitamina que auxilia no metabolismo de proteínas, carboidratos e gorduras, contribui para a manutenção do cabelo, da pele e ajuda na preservação das mucosas."
COLLAGEN PROTEIN,ABACAXI COM HORTELÃ,"alemã Verisol®, comprovada cientificamente como o melhor colágeno do mundo para a pele. É uma fonte de proteína de excepcional biodisponibilidade. Sua digestão é simples e fácil, e os aminoácidos são normalmente assimilados em poucos minutos, sem demandar esforço digestivo. Os peptídeos de colágeno são uma boa alternativa para quem tem dificuldades em digerir e assimilar outros tipos de proteínas. Especialmente desenvolvido com biotina, vitamina que auxilia no metabolismo de proteínas, carboidratos e gorduras, contribui para a manutenção do cabelo e da pele e ajuda na preservação das mucosas."
COLLAGEN PROTEIN,NEUTRO,"alemã Verisol®, comprovada cientificamente como o melhor colágeno do mundo para a pele. É uma fonte de proteína de excepcional biodisponibilidade. Sua digestão é simples e fácil, e os aminoácidos são normalmente assimilados em poucos minutos, sem demandar esforço digestivo. Os peptídeos de colágeno são uma boa alternativa para quem tem dificuldades em digerir e assimilar outros tipos de proteínas. Especialmente desenvolvido com biotina, vitamina que auxilia no metabolismo de proteínas, carboidratos e gorduras, contribui para a manutenção do cabelo, da pele e ajuda na preservação das mucosas."
COLLAGEN PROTEIN,BERRIES SILVESTRES,"alemã Verisol®, comprovada cientificamente como o melhor colágeno do mundo para a pele. É uma fonte de proteína de excepcional biodisponibilidade. Sua digestão é simples e fácil, e os aminoácidos são normalmente assimilados em poucos minutos, sem demandar esforço digestivo. Os peptídeos de colágeno são uma boa alternativa para quem tem dificuldades em digerir e assimilar outros tipos de proteínas. Especialmente desenvolvido com biotina, vitamina que auxilia no metabolismo de proteínas, carboidratos e gorduras, contribui para a manutenção do cabelo, da pele e ajuda na preservação das mucosas."
COLLAGEN PROTEIN,ABACAXI E HORTELA,"alemã Verisol®, comprovada cientificamente como o melhor colágeno do mundo para a pele. É uma fonte de proteína de excepcional biodisponibilidade. Sua digestão é simples e fácil, e os aminoácidos são normalmente assimilados em poucos minutos, sem demandar esforço digestivo. Os peptídeos de colágeno são uma boa alternativa para quem tem dificuldades em digerir e assimilar outros tipos de proteínas. Especialmente desenvolvido com biotina, vitamina que auxilia no metabolismo de proteínas, carboidratos e gorduras, contribui para a manutenção do cabelo e da pele e ajuda na preservação das mucosas."
WHEY PROTEIN GRASSFED,CHOCOLATE BELGA,"TEXTURA CREMOSA, SABOR INCRÍVEL A palavra proteína deriva de ""proteios"", de origem grega. Seu significado original é de fundamental importância. Proteína é matéria-prima de síntese, representando 20% da composição do nosso organismo. São “tijolos” essenciais para que o organismo obtenha aquilo que precisa para estruturar sua complexa estrutura fisiológica. O colágeno da pele e dos ossos é sintetizado principalmente a partir das proteínas (+ vitaminas e minerais) que o organismo obtém através da nutrição. O mesmo pode ser dito em relação aos músculos. De proteína são feitas as enzimas digestivas e sistêmicas, responsáveis por milhares de reações necessárias à saúde. Deste modo, não é difícil concordar com sua origem etimológica: Proteios - ""de importância fundamental"". WHEY É UNIVERSAL, UMA DÁDIVA NATURAL"
WHEY PROTEIN GRASSFED VANILLA,VANILLA,"TEXTURA CREMOSA, SABOR INCRÍVEL A palavra proteína deriva de ""proteios"", de origem grega. Seu significado original é de fundamental importância"". Proteína é matéria-prima de síntese, representando 20% da composição do nosso organismo. São “tijolos” essenciais para que o organismo obtenha aquilo que precisa para estruturar sua complexa estrutura fisiológica. O colágeno da pele e dos ossos é sintetizado principalmente a partir das proteínas (+ vitaminas e minerais) que o organismo obtém através da nutrição. O mesmo pode ser dito em relação aos músculos que estruturam a espinha dorsal e que possibilitam se mover, caminhar e viver com qualidade. De proteína são feitas as enzimas digestivas e sistêmicas, responsáveis por milhares de reações necessárias à saúde. A glutationa, rainha dos antioxidantes endógenos, também é produzida, principalmente a partir de combinação de aminoácidos."
WHEY PROTEIN GRASSFED NEUTRO,NEUTRO,"TEXTURA CREMOSA, SABOR INCRÍVEL A palavra proteína deriva de ""proteios"", de origem grega. Seu significado original é de fundamental importância"". Proteína é matéria-prima de síntese, representando 20% da composição do nosso organismo. São “tijolos” essenciais para que o organismo obtenha aquilo que precisa para estruturar sua complexa estrutura fisiológica. O colágeno da pele e dos ossos é sintetizado principalmente a partir das proteínas (+ vitaminas e minerais) que o organismo obtém através da nutrição. O mesmo pode ser dito em relação aos músculos De proteína são feitas as enzimas digestivas e sistêmicas, responsáveis por milhares de reações necessárias à saúde. Deste modo, não é difícil concordar com sua origem etimológica: Proteios - ""de importância fundamental"". WHEY É UNIVERSAL, UMA DÁDIVA NATURAL"
WHEY PROTEIN GRASSFED FRAMBOESA,FRAMBOESA,"TEXTURA CREMOSA, SABOR INCRÍVEL A palavra proteína deriva de ""proteios"", de origem grega. Seu significado original é de fundamental importância"". Proteína é matéria-prima de síntese, representando 20% da composição do nosso organismo. São “tijolos” essenciais para que o organismo obtenha aquilo que precisa para estruturar sua complexa estrutura fisiológica. O colágeno da pele e dos ossos é sintetizado principalmente a partir das proteínas (+ vitaminas e minerais) que o organismo obtém através da nutrição. O mesmo pode ser dito em relação aos músculos que estruturam a espinha dorsal e que possibilitam se mover, caminhar e viver com qualidade. De proteína são feitas as enzimas digestivas e sistêmicas, responsáveis por milhares de reações necessárias à saúde. A glutationa, rainha dos antioxidantes endógenos, também é produzida, principalmente a partir de combinação de aminoácidos."
WHEY PROTEIN ISOLADO,30 G,"Puravida. Todos os dias, fazemos a mesma pergunta: como podemos ser melhor do que ontem? E foi com esse comprometimento que nossa equipe de especialistas chegou a essa absoluta qualidade de proteína. Será um prazer compartilhar com você o sabor e a cremosidade do Whey 100% Isolado Dark Chocolate. Entre todas as fontes proteicas já analisadas, a proteína isolada do soro do leite (whey) é considerada o padrão ouro de perfil de aminoácidos e facilidade de assimilação. O soro é um líquido precioso, resultante do processo de produção dos queijos. A proteína extraída desse soro é mundialmente conhecida pelo altíssimo"
WHEY PROTEIN GRASSFED SACHE,30 G,"TEXTURA CREMOSA, SABOR INCRÍVEL A palavra proteína deriva de ""proteios"", de origem grega. Seu significado original é de fundamental importância"". Proteína é matéria-prima de síntese, representando 20% da composição do nosso organismo. São “tijolos” essenciais para que o organismo obtenha aquilo que precisa para estruturar sua complexa estrutura fisiológica. O colágeno da pele e dos ossos é sintetizado principalmente a partir das proteínas (+ vitaminas e minerais) que o organismo obtém através da nutrição. O mesmo pode ser dito em relação aos músculos que estruturam a espinha dorsal e que possibilitam se mover, caminhar e viver com qualidade. De proteína são feitas as enzimas digestivas e sistêmicas, responsáveis por milhares de reações necessárias à saúde. A glutationa, rainha dos antioxidantes endógenos, também é produzida, principalmente a partir de combinação de aminoácidos."
WHEY PROTEIN GRASSFED,30 G,"TEXTURA CREMOSA, SABOR INCRÍVEL A palavra proteína deriva de ""proteios"", de origem grega. Seu significado original é de fundamental importância"". Proteína é matéria-prima de síntese, representando 20% da composição do nosso organismo. São “tijolos” essenciais para que o organismo obtenha aquilo que precisa para estruturar sua complexa estrutura fisiológica. O colágeno da pele e dos ossos é sintetizado principalmente a partir das proteínas (+ vitaminas e minerais) que o organismo obtém através da nutrição. O mesmo pode ser dito em relação aos músculos que estruturam a espinha dorsal e que possibilitam se mover, caminhar e viver com qualidade. De proteína são feitas as enzimas digestivas e sistêmicas, responsáveis por milhares de reações necessárias à saúde. A glutationa, rainha dos antioxidantes endógenos, também é produzida, principalmente a partir de combinação de aminoácidos."
WHEY PROTEIN GRASSFED SACHE,30 G,"TEXTURA CREMOSA, SABOR INCRÍVEL A palavra proteína deriva de ""proteios"", de origem grega. Seu significado original é de fundamental importância"". Proteína é matéria-prima de síntese, representando 20% da composição do nosso organismo. São “tijolos” essenciais para que o organismo obtenha aquilo que precisa para estruturar sua complexa estrutura fisiológica. O colágeno da pele e dos ossos é sintetizado principalmente a partir das proteínas (+ vitaminas e minerais) que o organismo obtém através da nutrição. O mesmo pode ser dito em relação aos músculos que estruturam a espinha dorsal e que possibilitam se mover, caminhar e viver com qualidade. De proteína são feitas as enzimas digestivas e sistêmicas, responsáveis por milhares de reações necessárias à saúde. A glutationa, rainha dos antioxidantes endógenos, também é produzida, principalmente a partir de combinação de aminoácidos."
WHEY PROTEIN ISOLADO,VANILLA,"proteína isolada do soro do leite (whey) é considerada o padrão ouro de perfil de aminoácidos e facilidade de assimilação. O soro é um líquido precioso, resultante do processo de produção dos queijos. A proteína extraída desse soro é mundialmente conhecida pelo altíssimo valor biológico, e é dela a nota máxima (100) perante a qual todas as outras são comparadas. Essa proteína possui TODOS os aminoácidos essenciais. Oferece, ainda, a incrível glutamina, além de 4,8 gramas por porção dos aminoácidos de cadeia ramificada (BCAA). O puro soro do leite passa por diversos mecanismos de filtragem para que reste apenas a mais pura"
WHEY PROTEIN ISOLADO,NEUTRO,"Puravida. Todos os dias, fazemos a mesma pergunta: como podemos ser melhor do que ontem? E foi com esse comprometimento que nossa equipe de especialistas chegou a essa absoluta qualidade de proteína. Será um prazer compartilhar com você o sabor e a cremosidade do Whey 100% Isolado Isolado Neutro . Entre todas as fontes proteicas já analisadas, a proteína isolada do soro do leite (whey) é considerada o padrão ouro de perfil de aminoácidos e facilidade de assimilação. O soro é um líquido precioso, resultante do processo de produção dos queijos. A proteína extraída desse soro é mundialmente conhecida pelo altíssimo"
WHEY PROTEIN ISOLADO,CHOCOLATE,"Puravida. Todos os dias, fazemos a mesma pergunta: como podemos ser melhor do que ontem? E foi com esse comprometimento que nossa equipe de especialistas chegou a essa absoluta qualidade de proteína. Será um prazer compartilhar com você o sabor e a cremosidade do Whey 100% Isolado Dark Chocolate. Entre todas as fontes proteicas já analisadas, a proteína isolada do soro do leite (whey) é considerada o padrão ouro de perfil de aminoácidos e facilidade de assimilação. O soro é um líquido precioso, resultante do processo de produção dos queijos. A proteína extraída desse soro é mundialmente conhecida pelo altíssimo"
WHEY PROTEIN ISOLADO,VANILLA,"proteína isolada do soro do leite (whey) é considerada o padrão ouro de perfil de aminoácidos e facilidade de assimilação. O soro é um líquido precioso, resultante do processo de produção dos queijos. A proteína extraída desse soro é mundialmente conhecida pelo altíssimo valor biológico, e é dela a nota máxima (100) perante a qual todas as outras são comparadas. Essa proteína possui TODOS os aminoácidos essenciais. Oferece, ainda, a incrível glutamina, além de 4,8 gramas por porção dos aminoácidos de cadeia ramificada (BCAA). O puro soro do leite passa por diversos mecanismos de filtragem para que reste apenas a mais pura"
WHEY PROTEIN ISOLADO,NEUTRO,"Puravida. Todos os dias, fazemos a mesma pergunta: como podemos ser melhor do que ontem? E foi com esse comprometimento que nossa equipe de especialistas chegou a essa absoluta qualidade de proteína. Será um prazer compartilhar com você o sabor e a cremosidade do Whey 100% Isolado Isolado Neutro . Entre todas as fontes proteicas já analisadas, a proteína isolada do soro do leite (whey) é considerada o padrão ouro de perfil de aminoácidos e facilidade de assimilação. O soro é um líquido precioso, resultante do processo de produção dos queijos. A proteína extraída desse soro é mundialmente conhecida pelo altíssimo"
ONE NUTRITION,AÇAI COM BANANA,"20% da composição do nosso organismo. São “tijolos” para estruturar sua complexa estrutura fisiológica. O mesmo pode ser dito em relação aos músculos De proteína são feitas as enzimas digestivas e sistêmicas, responsáveis por milhares de reações necessárias à saúde. Sim - proteína nutricional protege, preserva e repara etimológica: Proteios - ""de importância fundamental"". Alimentos proteicos são os que mais oferecem densidade mais equilibrada. ONE é um complexo nutritivo de frutas, verduras e legumes concentrados, além de um blend de vitaminas, antioxidantes e minerais essenciais em dose concentrada. É uma proteína vegana de alta qualidade, que agora conta O ONE é composto de frutas, verduras e legumes prática e deliciosa de oferecer nutrição concentrada para foi formulado para oferecer uma experiência agradável"
VEGAN PROTEIN,VANILLA,"COM VITAMINAS E MINERAIS. Na busca por um blend de proteínas vegetais de primeira qualidade, a equipe de especialistas da Puravida escolheu combinar duas das melhores fontes: ervilha e girassol Além disso, ainda oferece a glutamina e os aminoácidos de cadeia ramificada, conhecidos como BCAA, na quantidade de 3,2g por porção. MAIS DO QUE PROTEÍNA: VITAMINAS E MINERAIS FUNDAMENTAIS. O Vegan Protein fornece ainda uma série de micronutrientes vitais, dentre os quais aqueles que mais costumam faltar em dietas veganas e para aquelas pessoas que consomem pouco ou nenhum alimento de origem animal. O corpo humano precisa de vitamina B12 para auxiliar"
ONE NUTRITION,CHOCOLATE,"20% da composição do nosso organismo. São “tijolos” para estruturar sua complexa estrutura fisiológica. O colágeno da pele e dos ossos é sintetizado principalmente O mesmo pode ser dito em relação aos músculos A glutationa, rainha dos antioxidantes endógenos, também de aminoácidos. Sim - proteína nutricional protege, preserva e repara etimológica: Proteios - ""de importância fundamental"". Alimentos proteicos são os que mais oferecem densidade mais equilibrada. É uma proteína vegana de alta qualidade, que agora conta O ONE é composto de frutas, verduras e legumes frescos prática e deliciosa de oferecer nutrição concentrada para foi formulado para oferecer uma experiência agradável"
VEGAN PROTEIN,NEUTRO,"COM VITAMINAS E MINERAIS. Na busca por um blend de proteínas vegetais de primeira qualidade, a equipe de especialistas da Puravida escolheu combinar duas das melhores fontes: ervilha e girassol. Além disso, ainda oferece a glutamina e os aminoácidos de cadeia ramificada, conhecidos como BCAA, na quantidade de 3,2g por porção. MAIS DO QUE PROTEÍNA: VITAMINAS E MINERAIS FUNDAMENTAIS. O Vegan Protein fornece ainda uma série de micronutrientes vitais, dentre os quais aqueles que mais costumam faltar em dietas veganas e para aquelas pessoas que consomem pouco ou nenhum alimento de origem animal. O corpo humano precisa de vitamina B12 para auxiliar"
ONE NUTRITION SACHE,ACAI COM BANANA,"20% da composição do nosso organismo. São “tijolos” para estruturar sua complexa estrutura fisiológica. O mesmo pode ser dito em relação aos músculos Sim - proteína nutricional protege, preserva e repara etimológica: Proteios - ""de importância fundamental"". Alimentos proteicos são os que mais oferecem densidade mais equilibrada. ONE é um complexo nutritivo de frutas, verduras e legumes concentrados, além de um blend de vitaminas, antioxidantes e minerais essenciais em dose concentrada. É uma proteína vegana de alta qualidade, que agora conta O ONE é composto de frutas, verduras e legumes prática e deliciosa de oferecer nutrição concentrada para foi formulado para oferecer uma experiência agradável"
ONE NUTRITION,CHOCOLATE,"20% da composição do nosso organismo. São “tijolos” para estruturar sua complexa estrutura fisiológica. O colágeno da pele e dos ossos é sintetizado principalmente O mesmo pode ser dito em relação aos músculos A glutationa, rainha dos antioxidantes endógenos, também de aminoácidos. Sim - proteína nutricional protege, preserva e repara etimológica: Proteios - ""de importância fundamental"". Alimentos proteicos são os que mais oferecem densidade mais equilibrada. É uma proteína vegana de alta qualidade, que agora conta O ONE é composto de frutas, verduras e legumes frescos prática e deliciosa de oferecer nutrição concentrada para foi formulado para oferecer uma experiência agradável"
VEGAN PROTEIN,VANILLA,"COM VITAMINAS E MINERAIS. Na busca por um blend de proteínas vegetais de primeira qualidade, a equipe de especialistas da Puravida escolheu combinar duas das melhores fontes: ervilha e girassol. Além disso, ainda oferece a glutamina e os aminoácidos de cadeia ramificada, conhecidos como BCAA, na quantidade de 3,2g por porção. MAIS DO QUE PROTEÍNA: VITAMINAS E MINERAIS FUNDAMENTAIS. O Vegan Protein fornece ainda uma série de micronutrientes vitais, dentre os quais aqueles que mais costumam faltar em dietas veganas e para aquelas pessoas que consomem pouco ou nenhum alimento de origem animal. O corpo humano precisa de vitamina B12 para auxiliar"
VEGAN PROTEIN,NEUTRO,"COM VITAMINAS E MINERAIS. Na busca por um blend de proteínas vegetais de primeira qualidade, a equipe de especialistas da Puravida escolheu combinar duas das melhores fontes: ervilha e girassol. Além disso, ainda oferece a glutamina e os aminoácidos de cadeia ramificada, conhecidos como BCAA, na quantidade de 3,2g por porção. MAIS DO QUE PROTEÍNA: VITAMINAS E MINERAIS FUNDAMENTAIS. O Vegan Protein fornece ainda uma série de micronutrientes vitais, dentre os quais aqueles que mais costumam faltar em dietas veganas e para aquelas pessoas que consomem pouco ou nenhum alimento de origem animal. O corpo humano precisa de vitamina B12 para auxiliar"
PURAJUICE PROTEIN,LIMÃO E YUZU,"a riqueza de um nutriente primordial:proteína. Sua experiência leve é proporcionada pela tecnologia Clear: a riqueza da proteína, sem a textura mais densa e cremosa do whey tradicional. Assim, o líquido se torna menos viscoso, conservando integralmente a qualidade dos nutrientes. PURAJUICE é uma opção inovadora, com sabor inigualável e zero açúcar: para ajudar você a substituir calorias vazias por riqueza nutricional. É perfeito para qualquer momento: acompanhar refeições, lanches, preparar uma porção individual ou então um jarra para compartilhar com quem você ama. Sirva em encontros com amigos ou no almoço de família."
PURAJUICE PROTEIN,ABACAXI COM HORTELÃ,"a riqueza de um nutriente primordial: proteína. Sua experiência leve é proporcionada pela tecnologia Clear: a riqueza da proteína, sem a textura mais densa e cremosa do whey tradicional. Assim, o líquido se tornamenos viscoso,conservando integralmente a qualidade dos nutrientes. PURAJUICE é uma opção inovadora, com sabor inigualável e zero açúcar: para ajudar você a substituir calorias vazias por riqueza nutricional. É perfeito para qualquer momento: acompanhar refeições, lanches, preparar uma porção individual ou então um jarra para compartilhar com quem você ama. Sirva em encontros com amigos ou no almoço de família."
NATURAL PROTEIN SOUP,LEGUMES DA HORTA,
NATURAL PROTEIN SOUP,ERVILHA,E INSTANTÂNEA?
